match_id,team_name,team_id,account_id,match_date,competition,season,match_week,competition_stage,home_team,away_team,np_xg,np_shots,obv_shot,xgchain,goals,Goal Envolvement Index (norm),Goal Conversion Index (norm),Possession GoalChance Index (norm),Goal Performance Index,match_score
3980891,Huachipato,1915,7336,2025-02-15,Chile - Primera División,2025,1,Regular Season,O'Higgins,Huachipato,0.4175636767000001,7.0,-0.231467347,1.323647659,0.0,2.818150503255347,1.8333161003320062,2.072793713053341,5.194732777617553,O'Higgins(0) - Huachipato(0)
3980891,O'Higgins,1962,7336,2025-02-15,Chile - Primera División,2025,1,Regular Season,O'Higgins,Huachipato,1.626366081,22.0,-1.143276799,6.44060722,0.0,6.4713418808288115,1.3782363313653179,7.596902277350782,7.295778282982309,O'Higgins(0) - Huachipato(0)
3980892,Cobresal,1926,7336,2025-02-15,Chile - Primera División,2025,1,Regular Season,Palestino,Cobresal,0.9044683170000001,13.0,-0.1109342164,3.764795095,1.0,3.3110990995489438,3.1957162168483606,4.997279807106388,6.611429461966024,Palestino(2) - Cobresal(1)
3980892,Palestino,1925,7336,2025-02-15,Chile - Primera División,2025,1,Regular Season,Palestino,Cobresal,0.7129805,11.0,0.7401247400000001,7.30037049,2.0,4.905487671739241,4.09005201409791,3.740462687697912,7.273960258321488,Palestino(2) - Cobresal(1)
3980893,Coquimbo Unido,1914,7336,2025-02-15,Chile - Primera División,2025,1,Regular Season,Deportes Iquique,Coquimbo Unido,2.337543396,13.0,0.01772049679999999,8.231481787,3.0,3.3334478666914498,6.491898299470594,7.266113250817862,8.657485520981869,Deportes Iquique(0) - Coquimbo Unido(3)
3980893,Deportes Iquique,1864,7336,2025-02-15,Chile - Primera División,2025,1,Regular Season,Deportes Iquique,Coquimbo Unido,0.5275005965,8.0,-0.319691673,3.625859296,0.0,3.4511216220960286,2.17171118744405,2.2727706218427195,5.597011205628606,Deportes Iquique(0) - Coquimbo Unido(3)
3980894,Colo Colo,1916,7336,2025-02-16,Chile - Primera División,2025,1,Regular Season,La Serena,Colo Colo,1.155396826,15.0,1.1974833924,6.650260279999999,3.0,4.606563411765911,4.550642882330098,4.847493750135214,7.630796916426695,La Serena(1) - Colo Colo(3)
3980894,La Serena,1920,7336,2025-02-16,Chile - Primera División,2025,1,Regular Season,La Serena,Colo Colo,0.613664656,8.0,-0.235445501,1.946108538,1.0,1.932401645166565,3.2495193089929746,2.687937770800696,5.71535972290205,La Serena(1) - Colo Colo(3)
3980895,Audax Italiano,1918,7336,2025-02-17,Chile - Primera División,2025,1,Regular Season,Universidad Católica,Audax Italiano,0.557699818,9.0,-0.541840374,2.209261116,1.0,2.6384378936524175,2.6180439488556524,3.5043215812863897,5.811068906671629,Universidad Católica(3) - Audax Italiano(1)
3980895,Universidad Católica,1924,7336,2025-02-17,Chile - Primera División,2025,1,Regular Season,Universidad Católica,Audax Italiano,0.911238196,10.0,0.5757767737,4.517270919,3.0,2.740311418906816,6.204518399956386,3.019887487821692,7.440109687596586,Universidad Católica(3) - Audax Italiano(1)
3980896,Deportivo Ñublense SADP,5102,7336,2025-02-16,Chile - Primera División,2025,1,Regular Season,Universidad de Chile,Deportivo Ñublense SADP,0.209739053,5.0,-0.194064088,1.059994358,0.0,1.6882913374610418,0.5254678788954277,1.7781793659929774,4.156404020989316,Universidad de Chile(5) - Deportivo Ñublense SADP(0)
3980896,Universidad de Chile,1917,7336,2025-02-16,Chile - Primera División,2025,1,Regular Season,Universidad de Chile,Deportivo Ñublense SADP,3.081294988,34.0,-0.4502293404,18.36494318,5.0,9.5,4.0466085309273225,9.5,9.75,Universidad de Chile(5) - Deportivo Ñublense SADP(0)
3980897,Deportes Limache,30140,7336,2025-02-17,Chile - Primera División,2025,1,Regular Season,Deportes Limache,Everton,1.565039072,17.0,0.320253754,7.952647894,1.0,4.7434039355461834,2.7507643503233035,4.074874317782032,6.658778949332367,Deportes Limache(1) - Everton(1)
3980897,Everton,1919,7336,2025-02-17,Chile - Primera División,2025,1,Regular Season,Deportes Limache,Everton,1.19171526,13.0,-0.138049743,8.61051978,1.0,2.234200687737939,2.6991492766734235,5.551837408384807,6.152889328948826,Deportes Limache(1) - Everton(1)
3980898,Unión Española,1921,7336,2025-02-18,Chile - Primera División,2025,1,Regular Season,Unión La Calera,Unión Española,0.649313432,14.0,-0.6915466450000001,2.329446109,0.0,3.7080091180705192,0.7496660240137039,4.000835827923468,5.368336433486332,Unión La Calera(4) - Unión Española(0)
3980898,Unión La Calera,1954,7336,2025-02-18,Chile - Primera División,2025,1,Regular Season,Unión La Calera,Unión Española,1.772746275,10.0,0.7595180500000001,9.66056569,4.0,4.338436096223978,8.579148088081858,5.436641300023099,9.578395503693315,Unión La Calera(4) - Unión Española(0)
3980899,Audax Italiano,1918,7336,2025-02-21,Chile - Primera División,2025,2,Regular Season,Audax Italiano,Deportes Iquique,3.0958402196,18.0,1.18011222,12.69178532,4.0,5.342905726819286,5.230975967207169,8.847223616162143,9.027637501601516,Audax Italiano(4) - Deportes Iquique(2)
3980899,Deportes Iquique,1864,7336,2025-02-21,Chile - Primera División,2025,2,Regular Season,Audax Italiano,Deportes Iquique,1.194552021,15.0,0.13235092,5.559656464,2.0,5.546223133074937,3.5323623940542643,5.610250174996452,7.605768476048621,Audax Italiano(4) - Deportes Iquique(2)
3980900,Coquimbo Unido,1914,7336,2025-02-22,Chile - Primera División,2025,2,Regular Season,Coquimbo Unido,Universidad Católica,1.804620344,13.0,0.9592285812,10.53860378,1.0,3.4576523090668374,4.207291872483357,6.564860243058686,7.46689377257821,Coquimbo Unido(1) - Universidad Católica(0)
3980900,Universidad Católica,1924,7336,2025-02-22,Chile - Primera División,2025,2,Regular Season,Coquimbo Unido,Universidad Católica,0.690610965,16.0,-0.632290916,3.919024098,0.0,2.5750414614709705,1.3615880005501941,2.5071243049336958,4.985949368079598,Coquimbo Unido(1) - Universidad Católica(0)
3980901,Palestino,1925,7336,2025-02-21,Chile - Primera División,2025,2,Regular Season,Unión Española,Palestino,2.150847845,17.0,1.669875843,8.812347229,3.0,5.56149945292924,5.232192565283157,5.088303090032244,8.305891692908045,Unión Española(0) - Palestino(3)
3980901,Unión Española,1921,7336,2025-02-21,Chile - Primera División,2025,2,Regular Season,Unión Española,Palestino,0.6211450279999999,12.0,-0.601192361,2.744986386,0.0,2.7105995150230724,1.88010948422693,2.6545952860870847,5.3054191364489025,Unión Española(0) - Palestino(3)
3980902,Everton,1919,7336,2025-02-23,Chile - Primera División,2025,2,Regular Season,Huachipato,Everton,0.756363361,11.0,0.249893569,4.92126942,0.0,2.7017897800407455,2.176490137872012,2.2436305595502413,5.3565090610154495,Huachipato(4) - Everton(0)
3980902,Huachipato,1915,7336,2025-02-23,Chile - Primera División,2025,2,Regular Season,Huachipato,Everton,1.914830148,9.0,1.553514023,9.596882546,4.0,4.785320151561006,9.5,6.042014693787895,9.75,Huachipato(4) - Everton(0)
3980903,Cobresal,1926,7336,2025-02-23,Chile - Primera División,2025,2,Regular Season,Cobresal,La Serena,0.674095741,11.0,0.283851571,2.3475950696,2.0,2.245224712094929,3.8534173335130197,3.138753905312809,6.195111573444105,Cobresal(2) - La Serena(1)
3980903,La Serena,1920,7336,2025-02-23,Chile - Primera División,2025,2,Regular Season,Cobresal,La Serena,0.5344540877,11.0,-0.02360599599999997,2.1975836174,1.0,2.659751559623172,2.980329169108203,2.1875428184440855,5.712191744920484,Cobresal(2) - La Serena(1)
3980904,Deportes Limache,30140,7336,2025-02-23,Chile - Primera División,2025,2,Regular Season,Deportivo Ñublense SADP,Deportes Limache,1.215875635,10.0,0.245307821,7.188797573,1.0,4.163459635789887,3.209898704854106,4.755035718642239,6.836315212262907,Deportivo Ñublense SADP(1) - Deportes Limache(1)
3980904,Deportivo Ñublense SADP,5102,7336,2025-02-23,Chile - Primera División,2025,2,Regular Season,Deportivo Ñublense SADP,Deportes Limache,2.09005775,20.0,-0.564110044,10.80485328,1.0,7.413363115280381,2.1358476752098965,7.625125156246822,7.958068862818876,Deportivo Ñublense SADP(1) - Deportes Limache(1)
3980905,Universidad de Chile,1917,7336,2025-02-24,Chile - Primera División,2025,2,Regular Season,Universidad de Chile,Unión La Calera,1.238508054,12.0,-0.521015046,6.872245186,1.0,3.275478964933635,3.029368992803236,3.063967894428026,6.11437191066016,Universidad de Chile(1) - Unión La Calera(0)
3980905,Unión La Calera,1954,7336,2025-02-24,Chile - Primera División,2025,2,Regular Season,Universidad de Chile,Unión La Calera,0.680246616,10.0,0.04324720099999999,2.897791632,0.0,2.8592177326949786,2.289715635413997,3.679740220577453,5.762195157747666,Universidad de Chile(1) - Unión La Calera(0)
3980906,Colo Colo,1916,7336,2025-02-25,Chile - Primera División,2025,2,Regular Season,Colo Colo,O'Higgins,1.0507053236,18.0,-0.442459265,5.943445689,0.0,7.466525922054457,1.585176657935553,5.341395110735176,7.233227678773022,Colo Colo(0) - O'Higgins(1)
3980906,O'Higgins,1962,7336,2025-02-25,Chile - Primera División,2025,2,Regular Season,Colo Colo,O'Higgins,1.587699549,14.0,-0.580189581,7.30256523,1.0,4.444728471848816,2.7709254804076724,8.798693459243445,7.568498631143985,Colo Colo(0) - O'Higgins(1)
3980907,Cobresal,1926,7336,2025-03-02,Chile - Primera División,2025,3,Regular Season,Cobresal,Universidad de Chile,0.9582836060000001,21.0,-0.23924796,6.55938784,2.0,3.4707199325527736,2.4463266106892,7.058829098871246,6.7408723940528645,Cobresal(2) - Universidad de Chile(1)
3980907,Universidad de Chile,1917,7336,2025-03-02,Chile - Primera División,2025,3,Regular Season,Cobresal,Universidad de Chile,1.183780861,14.0,-0.5924140876999999,5.7113322,1.0,3.8432041715847314,2.7294033027220714,3.0040202708680233,6.13894399144627,Cobresal(2) - Universidad de Chile(1)
3980908,Colo Colo,1916,7336,2025-03-02,Chile - Primera División,2025,3,Regular Season,Huachipato,Colo Colo,1.408985775,17.0,-0.866249153,6.11524595,1.0,3.6215158776308636,2.615266076948847,3.8364801208321557,6.19012686535018,Huachipato(2) - Colo Colo(1)
3980908,Huachipato,1915,7336,2025-03-02,Chile - Primera División,2025,3,Regular Season,Huachipato,Colo Colo,0.8315691565,8.0,0.8966357970000001,2.6348627985,2.0,1.5293838423677952,6.281350206203172,3.1531810044892237,7.12216731199959,Huachipato(2) - Colo Colo(1)
3980909,Deportes Iquique,1864,7336,2025-03-01,Chile - Primera División,2025,3,Regular Season,Universidad Católica,Deportes Iquique,0.462445738,6.0,0.002537868000000002,2.322876475,0.0,1.4921343548756107,2.9507837040371925,2.4467079041241973,5.384036372741326,Universidad Católica(1) - Deportes Iquique(0)
3980909,Universidad Católica,1924,7336,2025-03-01,Chile - Primera División,2025,3,Regular Season,Universidad Católica,Deportes Iquique,0.852765165,16.0,-0.6861304426,2.880201797,1.0,3.7682383960311157,1.979437529039199,2.604383616593903,5.675889610732374,Universidad Católica(1) - Deportes Iquique(0)
3980910,Coquimbo Unido,1914,7336,2025-03-01,Chile - Primera División,2025,3,Regular Season,Deportes Limache,Coquimbo Unido,1.467695767,16.0,-0.2589896760000001,5.965504004,2.0,4.1047462193671755,2.9291876236555887,4.1256898803618505,6.552311865818462,Deportes Limache(1) - Coquimbo Unido(2)
3980910,Deportes Limache,30140,7336,2025-03-01,Chile - Primera División,2025,3,Regular Season,Deportes Limache,Coquimbo Unido,0.433984695,7.0,-0.280473061,2.175026191,1.0,4.159242062416763,2.9145842283534975,1.789425652802532,6.0707585810995885,Deportes Limache(1) - Coquimbo Unido(2)
3980911,Audax Italiano,1918,7336,2025-03-01,Chile - Primera División,2025,3,Regular Season,Palestino,Audax Italiano,1.174537122,10.0,0.07203028899999996,5.481556558,2.0,2.4469791182083522,4.606163795575353,6.1316610616493055,7.24547332189608,Palestino(0) - Audax Italiano(2)
3980911,Palestino,1925,7336,2025-03-01,Chile - Primera División,2025,3,Regular Season,Palestino,Audax Italiano,1.352051331,18.0,-1.188497354,9.24373495,0.0,5.655646388701255,1.4366633715181716,5.393839087803877,6.60206342247824,Palestino(0) - Audax Italiano(2)
3980912,La Serena,1920,7336,2025-03-01,Chile - Primera División,2025,3,Regular Season,La Serena,Unión Española,0.7821278229999999,20.0,-0.164508748,4.44771843,1.0,5.36893815592385,1.9199560405993628,5.024630324660285,6.662723926293605,La Serena(1) - Unión Española(0)
3980912,Unión Española,1921,7336,2025-03-01,Chile - Primera División,2025,3,Regular Season,La Serena,Unión Española,0.360942513,10.0,0.426888288,1.798390035,0.0,3.318678892791536,2.0065290712732873,3.2762063029129873,5.68819264262425,La Serena(1) - Unión Española(0)
3980913,O'Higgins,1962,7336,2025-03-03,Chile - Primera División,2025,3,Regular Season,Unión La Calera,O'Higgins,1.522461638,14.0,-0.347961387,5.561038214,2.0,4.179740456298708,3.764084714215287,3.373345177961612,6.8130834672408565,Unión La Calera(2) - O'Higgins(2)
3980913,Unión La Calera,1954,7336,2025-03-03,Chile - Primera División,2025,3,Regular Season,Unión La Calera,O'Higgins,0.9852909584,17.0,-0.575391425,4.86484224,2.0,4.291361930936882,2.5365066442219257,4.490097599134179,6.501953777902912,Unión La Calera(2) - O'Higgins(2)
3980914,Deportivo Ñublense SADP,5102,7336,2025-03-02,Chile - Primera División,2025,3,Regular Season,Everton,Deportivo Ñublense SADP,0.7023202980000001,6.0,0.24503218,2.654974138,2.0,1.9993495992699266,8.153891840133255,2.812164352032941,8.085777977102664,Everton(1) - Deportivo Ñublense SADP(2)
3980914,Everton,1919,7336,2025-03-02,Chile - Primera División,2025,3,Regular Season,Everton,Deportivo Ñublense SADP,1.736400856,19.0,-1.1451808134,8.39667659,1.0,4.693253056673156,2.5991911760060886,5.128268830044696,6.792911276014342,Everton(1) - Deportivo Ñublense SADP(2)
3980915,Colo Colo,1916,7336,2025-03-10,Chile - Primera División,2025,4,Regular Season,Colo Colo,Everton,1.840253488,19.0,-0.7492429795,10.65243378,2.0,5.367228159360668,3.241657085739987,6.1276299999233625,7.520463301448281,Colo Colo(2) - Everton(0)
3980915,Everton,1919,7336,2025-03-10,Chile - Primera División,2025,4,Regular Season,Colo Colo,Everton,0.3951101725,9.0,-0.344730237,2.265884794,0.0,1.1807424880276232,0.883988287536168,1.6164154128815764,4.131895324606187,Colo Colo(2) - Everton(0)
3980917,Deportivo Ñublense SADP,5102,7336,2025-03-08,Chile - Primera División,2025,4,Regular Season,Deportivo Ñublense SADP,Universidad Católica,1.637198476,10.0,-0.633680455,9.154047089,1.0,4.530880633618358,3.6130730491462724,5.388152881729246,7.276608040575978,Deportivo Ñublense SADP(1) - Universidad Católica(1)
3980917,Universidad Católica,1924,7336,2025-03-08,Chile - Primera División,2025,4,Regular Season,Deportivo Ñublense SADP,Universidad Católica,0.395979772,7.0,0.03474768400000001,3.01342427,1.0,1.9150211677483133,3.263705381224421,2.648259157332204,5.708237477202026,Deportivo Ñublense SADP(1) - Universidad Católica(1)
3980918,Cobresal,1926,7336,2025-03-09,Chile - Primera División,2025,4,Regular Season,Coquimbo Unido,Cobresal,0.6854453487000001,16.0,-0.166628747,3.3437551597,1.0,3.845643840909047,1.9075539839677143,3.619241979094153,5.879937727238964,Coquimbo Unido(1) - Cobresal(1)
3980918,Coquimbo Unido,1914,7336,2025-03-09,Chile - Primera División,2025,4,Regular Season,Coquimbo Unido,Cobresal,2.069120359,24.0,1.0296098198,11.26291826,1.0,5.6791421720349575,2.416992049201973,7.501103914702188,7.517484059675593,Coquimbo Unido(1) - Cobresal(1)
3980919,La Serena,1920,7336,2025-03-09,Chile - Primera División,2025,4,Regular Season,O'Higgins,La Serena,1.492751152,12.0,-0.1538554377,7.987734804,1.0,3.577286139448967,3.610562612572883,4.595473039325283,6.807403816165836,O'Higgins(1) - La Serena(1)
3980919,O'Higgins,1962,7336,2025-03-09,Chile - Primera División,2025,4,Regular Season,O'Higgins,La Serena,1.113112525,23.0,-1.3269112304,5.220855158,1.0,5.203470878952789,1.4122602877564592,4.918691451186061,6.347680719382584,O'Higgins(1) - La Serena(1)
3980920,Audax Italiano,1918,7336,2025-03-09,Chile - Primera División,2025,4,Regular Season,Audax Italiano,Deportes Limache,1.081971538,19.0,-0.2575553107,5.83378658,3.0,4.912972698032233,3.482243056472916,5.484017900882552,7.355478699998939,Audax Italiano(3) - Deportes Limache(1)
3980920,Deportes Limache,30140,7336,2025-03-09,Chile - Primera División,2025,4,Regular Season,Audax Italiano,Deportes Limache,0.745520379,11.0,-0.468625866,4.616055672,1.0,3.4819848498868664,2.4328682473049126,3.0558753262362917,5.89532761210582,Audax Italiano(3) - Deportes Limache(1)
3980921,Deportes Iquique,1864,7336,2025-03-09,Chile - Primera División,2025,4,Regular Season,Deportes Iquique,Palestino,1.653839887,16.0,-0.712465264,10.64704966,1.0,6.045236294468497,3.0365384910584083,8.265529302425074,8.087493757686154,Deportes Iquique(1) - Palestino(3)
3980921,Palestino,1925,7336,2025-03-09,Chile - Primera División,2025,4,Regular Season,Deportes Iquique,Palestino,1.948588627,16.0,0.647165672,12.561242256,3.0,4.970332347222721,5.1888168267595,6.422455939440497,8.379535225364936,Deportes Iquique(1) - Palestino(3)
3980922,Huachipato,1915,7336,2025-03-08,Chile - Primera División,2025,4,Regular Season,Unión La Calera,Huachipato,0.13739799,5.0,-0.031368687,0.5930325935,0.0,1.8450339656406554,1.8358372897937245,1.2543273307447458,4.716318353945602,Unión La Calera(1) - Huachipato(0)
3980922,Unión La Calera,1954,7336,2025-03-08,Chile - Primera División,2025,4,Regular Season,Unión La Calera,Huachipato,1.971641151,20.0,0.003905711499999978,10.535903515,1.0,5.420943703369195,3.089159707796078,5.125663131654597,7.254250111420961,Unión La Calera(1) - Huachipato(0)
3980924,Coquimbo Unido,1914,7336,2025-03-16,Chile - Primera División,2025,5,Regular Season,Everton,Coquimbo Unido,1.12558859,11.0,-0.3353127929999999,6.92547228,0.0,3.4166686197079423,2.8580839081214835,7.204215267878206,6.949454103308097,Everton(0) - Coquimbo Unido(0)
3980924,Everton,1919,7336,2025-03-16,Chile - Primera División,2025,5,Regular Season,Everton,Coquimbo Unido,0.402087029,12.0,-0.29786501,2.118459786,0.0,2.7572211244484173,1.3418231026298835,1.8641709153459507,4.898758859565435,Everton(0) - Coquimbo Unido(0)
3980925,La Serena,1920,7336,2025-03-16,Chile - Primera División,2025,5,Regular Season,La Serena,Unión La Calera,0.450070776,13.0,-0.421655621,2.107752391,1.0,1.5051374852062178,2.3301858273541245,2.809112298468651,5.170470871121001,La Serena(1) - Unión La Calera(0)
3980925,Unión La Calera,1954,7336,2025-03-16,Chile - Primera División,2025,5,Regular Season,La Serena,Unión La Calera,0.381683252,10.0,-0.321518327,1.643974522,0.0,2.562655623555405,1.1882771121821838,1.1800648157060778,4.620562474410336,La Serena(1) - Unión La Calera(0)
3980927,Deportes Iquique,1864,7336,2025-03-16,Chile - Primera División,2025,5,Regular Season,Deportes Iquique,Unión Española,0.706476967,14.0,-0.4381325036,2.923497267,0.0,6.031296639344145,1.8566659598612378,3.5545095437087912,6.532411139455324,Deportes Iquique(0) - Unión Española(4)
3980927,Unión Española,1921,7336,2025-03-16,Chile - Primera División,2025,5,Regular Season,Deportes Iquique,Unión Española,1.041586996,11.0,0.859641526,6.544300415,4.0,3.8822071695680664,7.107610106236766,4.295919429197932,8.497126931070053,Deportes Iquique(0) - Unión Española(4)
3980928,Cobresal,1926,7336,2025-03-16,Chile - Primera División,2025,5,Regular Season,Cobresal,O'Higgins,0.7560324156,9.0,-0.632908566,6.30238186,0.0,3.22248642547067,0.8229998221052579,2.9130365232062996,5.020740160241923,Cobresal(0) - O'Higgins(0)
3980928,O'Higgins,1962,7336,2025-03-16,Chile - Primera División,2025,5,Regular Season,Cobresal,O'Higgins,1.058058754,21.0,-0.820335006,4.201836077,0.0,4.994358936298006,1.4103453417702763,5.621669750821975,6.42873372089518,Cobresal(0) - O'Higgins(0)
3980929,Deportivo Ñublense SADP,5102,7336,2025-03-16,Chile - Primera División,2025,5,Regular Season,Palestino,Deportivo Ñublense SADP,0.631954449,11.0,-0.504625372,2.855865157,0.0,2.981790116706857,1.6553203838618076,5.574696629726231,5.8993374038895965,Palestino(2) - Deportivo Ñublense SADP(0)
3980929,Palestino,1925,7336,2025-03-16,Chile - Primera División,2025,5,Regular Season,Palestino,Deportivo Ñublense SADP,1.439530368,16.0,0.367056279,7.600781105,2.0,5.558977995405016,3.950388627057053,3.539498103052974,7.371860948850288,Palestino(2) - Deportivo Ñublense SADP(0)
3980930,Deportes Limache,30140,7336,2025-03-15,Chile - Primera División,2025,5,Regular Season,Deportes Limache,Huachipato,1.28643923,6.0,0.74514903,4.616481157,2.0,2.019908147756732,7.307443109332461,3.9038128370932386,7.921141485205553,Deportes Limache(2) - Huachipato(3)
3980930,Huachipato,1915,7336,2025-03-15,Chile - Primera División,2025,5,Regular Season,Deportes Limache,Huachipato,1.071128836,13.0,0.1442200741,7.64399945,3.0,6.070549478738798,5.242518088184965,4.288681538053393,8.303193990437425,Deportes Limache(2) - Huachipato(3)
3980931,Everton,1919,7336,2025-03-28,Chile - Primera División,2025,6,Regular Season,Everton,Universidad de Chile,0.6617385486,11.0,0.4048059066,2.64791402,2.0,1.6780642299444954,4.488359450041483,2.7966845043753845,6.244755707765361,Everton(2) - Universidad de Chile(0)
3980931,Universidad de Chile,1917,7336,2025-03-28,Chile - Primera División,2025,6,Regular Season,Everton,Universidad de Chile,1.257098545,22.0,-0.877078876,7.077623111,0.0,6.055695017536815,0.9405583801803787,6.243956003920816,6.672369449606714,Everton(2) - Universidad de Chile(0)
3980932,Universidad Católica,1924,7336,2025-03-28,Chile - Primera División,2025,6,Regular Season,Unión Española,Universidad Católica,0.622823279,8.0,0.8658248339999999,4.62127188,2.0,2.625560437727234,6.439071602926353,2.0372883271623414,7.308113703228944,Unión Española(1) - Universidad Católica(2)
3980932,Unión Española,1921,7336,2025-03-28,Chile - Primera División,2025,6,Regular Season,Unión Española,Universidad Católica,0.706311903,6.0,-0.04390787650000001,3.731984033,1.0,3.1479958727551,5.499762774328262,2.1931087228229655,7.06096184719878,Unión Española(1) - Universidad Católica(2)
3980933,Deportes Iquique,1864,7336,2025-03-28,Chile - Primera División,2025,6,Regular Season,Deportivo Ñublense SADP,Deportes Iquique,2.233715179,14.0,-0.9784431280000001,10.42046639,1.0,3.8036753935941157,3.5926448154378368,5.5531487621466,7.072023723636402,Deportivo Ñublense SADP(1) - Deportes Iquique(1)
3980933,Deportivo Ñublense SADP,5102,7336,2025-03-28,Chile - Primera División,2025,6,Regular Season,Deportivo Ñublense SADP,Deportes Iquique,1.33764509,21.0,-0.1280967645,6.001690526,1.0,4.352120548065807,1.6801142513921774,5.865801867901558,6.405103106448983,Deportivo Ñublense SADP(1) - Deportes Iquique(1)
3980934,Cobresal,1926,7336,2025-03-30,Chile - Primera División,2025,6,Regular Season,Unión La Calera,Cobresal,1.225660432,12.0,-0.558973148,7.6660440104,1.0,3.5596583447505727,2.576017480251665,5.485697596692336,6.499205146186198,Unión La Calera(2) - Cobresal(1)
3980934,Unión La Calera,1954,7336,2025-03-30,Chile - Primera División,2025,6,Regular Season,Unión La Calera,Cobresal,0.578886746,9.0,-0.210615486,3.923156162,2.0,3.537449986551912,4.667579542077404,2.1978327432522535,6.7907498300535325,Unión La Calera(2) - Cobresal(1)
3980935,Huachipato,1915,7336,2025-03-30,Chile - Primera División,2025,6,Regular Season,Huachipato,La Serena,1.124176721,10.0,0.439043453,6.006786424,3.0,4.513506720957739,5.86577624653491,4.229585859816473,8.094282630727712,Huachipato(3) - La Serena(1)
3980935,La Serena,1920,7336,2025-03-30,Chile - Primera División,2025,6,Regular Season,Huachipato,La Serena,0.298355266,9.0,-0.090287014,1.373403279,1.0,1.8946482740240738,3.2167888733790972,0.9669087209012404,5.325611809903226,Huachipato(3) - La Serena(1)
3980936,Deportes Limache,30140,7336,2025-03-29,Chile - Primera División,2025,6,Regular Season,O'Higgins,Deportes Limache,2.616098467,25.0,-0.813441885,12.90657765,1.0,5.677790062762195,3.1726037883049547,6.992772403494087,7.767961267647059,O'Higgins(3) - Deportes Limache(1)
3980936,O'Higgins,1962,7336,2025-03-29,Chile - Primera División,2025,6,Regular Season,O'Higgins,Deportes Limache,0.7644824416,15.0,0.34434448,3.941451122,3.0,3.843995489677196,3.7385865408124825,4.416626945185529,6.914618925585138,O'Higgins(3) - Deportes Limache(1)
3980937,Audax Italiano,1918,7336,2025-03-30,Chile - Primera División,2025,6,Regular Season,Coquimbo Unido,Audax Italiano,0.467563279,9.0,8.120600000002809e-05,2.183328707,1.0,2.491335029564313,3.1489224827363014,2.1636472278427368,5.733836917546502,Coquimbo Unido(2) - Audax Italiano(1)
3980937,Coquimbo Unido,1914,7336,2025-03-30,Chile - Primera División,2025,6,Regular Season,Coquimbo Unido,Audax Italiano,1.301362083,12.0,0.92212919,5.78738577,2.0,3.9781512839366586,4.327467065205418,3.9874818403212133,7.145580981671241,Coquimbo Unido(2) - Audax Italiano(1)
3980938,Colo Colo,1916,7336,2025-03-27,Chile - Primera División,2025,6,Regular Season,Colo Colo,Palestino,2.065123886,18.0,-0.4194026469999999,8.387807647,1.0,5.367176887772814,2.7336278434232604,6.58303442094827,7.375676294802069,Colo Colo(1) - Palestino(1)
3980938,Palestino,1925,7336,2025-03-27,Chile - Primera División,2025,6,Regular Season,Colo Colo,Palestino,0.76939843,9.0,0.03358580999999999,2.941084275,1.0,3.2668299404251657,2.9252596664413595,3.8651783461247264,6.231001580264323,Colo Colo(1) - Palestino(1)
3980940,Cobresal,1926,7336,2025-04-12,Chile - Primera División,2025,7,Regular Season,Cobresal,Universidad Católica,1.103893792,15.0,-0.01822543200000001,4.417129326,1.0,3.169658348567271,2.416838191715131,2.972460049020225,5.77154389541688,Cobresal(1) - Universidad Católica(1)
3980940,Universidad Católica,1924,7336,2025-04-12,Chile - Primera División,2025,7,Regular Season,Cobresal,Universidad Católica,0.998011609,14.0,-0.348285041,4.264878465,1.0,3.2272910953912826,2.2906466208485403,4.633373592216371,6.079634764676317,Cobresal(1) - Universidad Católica(1)
3980941,Deportes Iquique,1864,7336,2025-04-15,Chile - Primera División,2025,7,Regular Season,Deportes Limache,Deportes Iquique,0.573655342,10.0,-0.228772404,2.192459197,0.0,3.130729327837531,1.378642521434257,3.7946833377131073,5.440573263725575,Deportes Limache(2) - Deportes Iquique(0)
3980941,Deportes Limache,30140,7336,2025-04-15,Chile - Primera División,2025,7,Regular Season,Deportes Limache,Deportes Iquique,2.374833727,18.0,-0.162544764,9.0381241,2.0,4.255803283294692,4.19483550508483,6.067490999714827,7.608331749704786,Deportes Limache(2) - Deportes Iquique(0)
3980942,Palestino,1925,7336,2025-04-14,Chile - Primera División,2025,7,Regular Season,Palestino,Unión La Calera,1.063717181,16.0,0.5933169739999999,5.023098083,1.0,4.3862484850192835,2.8260236508102947,3.6384559745892817,6.489764613987656,Palestino(1) - Unión La Calera(0)
3980942,Unión La Calera,1954,7336,2025-04-14,Chile - Primera División,2025,7,Regular Season,Palestino,Unión La Calera,0.720786364,9.0,0.102788433,2.767480799,0.0,3.117673242691674,1.5255080854104175,3.466780920268879,5.436986100311543,Palestino(1) - Unión La Calera(0)
3980943,Everton,1919,7336,2025-04-13,Chile - Primera División,2025,7,Regular Season,La Serena,Everton,1.621205362,17.0,-0.537673114,8.104923585,1.0,4.243827968666787,2.5548595868747723,5.317037956449218,6.669729258930029,La Serena(2) - Everton(1)
3980943,La Serena,1920,7336,2025-04-13,Chile - Primera División,2025,7,Regular Season,La Serena,Everton,1.058171844,12.0,-0.573290171,4.510188100000001,2.0,3.222290363356957,4.189112721941041,4.490190417957016,6.947185176286272,La Serena(2) - Everton(1)
3980944,Audax Italiano,1918,7336,2025-04-13,Chile - Primera División,2025,7,Regular Season,Audax Italiano,O'Higgins,0.530728066,11.0,-0.260065127,3.442591374,1.0,2.4951877725836527,2.068938136897818,3.2788336103237223,5.458258121519851,Audax Italiano(1) - O'Higgins(0)
3980944,O'Higgins,1962,7336,2025-04-13,Chile - Primera División,2025,7,Regular Season,Audax Italiano,O'Higgins,1.3537116815,22.0,-1.393633523,6.03334504,0.0,5.462310274101714,0.853653380635168,5.16584040367712,6.216847562370278,Audax Italiano(1) - O'Higgins(0)
3980945,Deportivo Ñublense SADP,5102,7336,2025-04-14,Chile - Primera División,2025,7,Regular Season,Unión Española,Deportivo Ñublense SADP,0.7302470855,15.0,-0.4267921,4.05762554,0.0,5.776718308956857,1.0026504686191808,5.966686455590811,6.555311047035632,Unión Española(3) - Deportivo Ñublense SADP(0)
3980945,Unión Española,1921,7336,2025-04-14,Chile - Primera División,2025,7,Regular Season,Unión Española,Deportivo Ñublense SADP,1.962115528,13.0,0.6553972304,9.304714811,3.0,3.859588134202311,6.40862805559244,4.804117421094936,8.265876367890819,Unión Española(3) - Deportivo Ñublense SADP(0)
3980946,Coquimbo Unido,1914,7336,2025-04-12,Chile - Primera División,2025,7,Regular Season,Coquimbo Unido,Huachipato,1.116144419,17.0,-0.653707917,5.896561352,0.0,5.1332549114182005,1.3147751174506008,6.228631398777084,6.555106901088051,Coquimbo Unido(0) - Huachipato(0)
3980946,Huachipato,1915,7336,2025-04-12,Chile - Primera División,2025,7,Regular Season,Coquimbo Unido,Huachipato,0.215983152,4.0,0.05101419199999999,1.719371386,0.0,2.745969843021676,1.7314958857257727,1.510469425570541,5.0053241964181145,Coquimbo Unido(0) - Huachipato(0)
3980947,Everton,1919,7336,2025-04-20,Chile - Primera División,2025,8,Regular Season,Everton,Unión La Calera,1.264915598,10.0,0.4878149699000001,7.689765542,1.0,3.6809823859702124,3.625969559290897,4.2901023861562075,6.783159468108641,Everton(1) - Unión La Calera(1)
3980947,Unión La Calera,1954,7336,2025-04-20,Chile - Primera División,2025,8,Regular Season,Everton,Unión La Calera,0.4031593813,8.0,-0.403067187,1.857374049,1.0,3.7657409335471215,2.8822387327676138,2.7913590219215885,6.14210685704619,Everton(1) - Unión La Calera(1)
3980948,Colo Colo,1916,7336,2025-06-13,Chile - Primera División,2025,8,Regular Season,Deportes Iquique,Colo Colo,1.259462007,15.0,-0.460973932,8.41362717,2.0,5.320812964304576,3.0978578900000504,3.7131621815889746,6.92938144853599,Deportes Iquique(1) - Colo Colo(2)
3980948,Deportes Iquique,1864,7336,2025-06-13,Chile - Primera División,2025,8,Regular Season,Deportes Iquique,Colo Colo,0.808271104,10.0,-0.6829250553,2.969445276,1.0,1.8254749556995922,2.4749450238525306,5.348669106396113,5.874843756550252,Deportes Iquique(1) - Colo Colo(2)
3980949,Cobresal,1926,7336,2025-04-19,Chile - Primera División,2025,8,Regular Season,Huachipato,Cobresal,0.172828479,7.0,-0.148396017,0.7801441650000001,1.0,3.229243865922667,3.8634949415391717,1.3720613092868654,6.138692784554527,Huachipato(0) - Cobresal(1)
3980949,Huachipato,1915,7336,2025-04-19,Chile - Primera División,2025,8,Regular Season,Huachipato,Cobresal,0.9000550709999999,15.0,-0.647027609,3.734876218,0.0,5.10151900473506,1.133854458684152,3.955902260659748,5.980916484168775,Huachipato(0) - Cobresal(1)
3980950,La Serena,1920,7336,2025-04-17,Chile - Primera División,2025,8,Regular Season,Universidad de Chile,La Serena,0.381801163,10.0,0.3319240755,1.734586542,1.0,2.1084251395774487,2.405619668306476,1.7435036610032069,5.172375920854516,Universidad de Chile(3) - La Serena(1)
3980950,Universidad de Chile,1917,7336,2025-04-17,Chile - Primera División,2025,8,Regular Season,Universidad de Chile,La Serena,1.315820099,17.0,0.154537306,9.117000129000001,3.0,4.312426718652104,3.836540329525166,4.271683590723554,7.0784293495017545,Universidad de Chile(3) - La Serena(1)
3980951,Coquimbo Unido,1914,7336,2025-04-21,Chile - Primera División,2025,8,Regular Season,Deportivo Ñublense SADP,Coquimbo Unido,0.566762118,11.0,0.01014514249999998,3.83365951,0.0,3.6529166660970596,2.3573545872177206,3.525168811257708,6.01233508034593,Deportivo Ñublense SADP(0) - Coquimbo Unido(0)
3980951,Deportivo Ñublense SADP,5102,7336,2025-04-21,Chile - Primera División,2025,8,Regular Season,Deportivo Ñublense SADP,Coquimbo Unido,0.613088419,10.0,0.03098530300000001,3.651549576,0.0,5.081323088843874,1.44640699785813,3.673899296469826,6.063220984192933,Deportivo Ñublense SADP(0) - Coquimbo Unido(0)
3980952,Deportes Limache,30140,7336,2025-04-19,Chile - Primera División,2025,8,Regular Season,Universidad Católica,Deportes Limache,0.33508366,8.0,-0.16763781,1.4126012835,0.0,0.7396932366645954,1.8865730216795158,3.0453601599708815,4.7683556449993025,Universidad Católica(2) - Deportes Limache(0)
3980952,Universidad Católica,1924,7336,2025-04-19,Chile - Primera División,2025,8,Regular Season,Universidad Católica,Deportes Limache,0.688237551,16.0,-0.280166209,6.015344224,2.0,4.857961338227199,2.749170302542422,3.6211828651525257,6.598685905939742,Universidad Católica(2) - Deportes Limache(0)
3980953,Audax Italiano,1918,7336,2025-04-18,Chile - Primera División,2025,8,Regular Season,Audax Italiano,Unión Española,2.501496317,17.0,0.438027913,10.080601582,2.0,4.555357354541501,3.9934290199764018,6.276608966584689,7.65154953544081,Audax Italiano(2) - Unión Española(0)
3980953,Unión Española,1921,7336,2025-04-18,Chile - Primera División,2025,8,Regular Season,Audax Italiano,Unión Española,1.227213638,17.0,0.5984895283,7.748515250000001,0.0,5.281434093162085,2.7652082440130235,5.734130792366641,7.184842206555594,Audax Italiano(2) - Unión Española(0)
3980954,O'Higgins,1962,7336,2025-04-20,Chile - Primera División,2025,8,Regular Season,O'Higgins,Palestino,1.1622569447,17.0,0.06352108599999995,6.98954867,1.0,4.923546370614945,2.4558611506777464,6.935038000814051,7.178114767528715,O'Higgins(1) - Palestino(0)
3980954,Palestino,1925,7336,2025-04-20,Chile - Primera División,2025,8,Regular Season,O'Higgins,Palestino,0.376435319,7.0,-0.02549033500000001,2.118257117,0.0,3.4520549689629005,1.7498866009458702,2.3739512033168806,5.418795475555671,O'Higgins(1) - Palestino(0)
3980955,Palestino,1925,7336,2025-04-27,Chile - Primera División,2025,9,Regular Season,Palestino,Universidad de Chile,1.439058813,15.0,-0.763814452,9.4716216,2.0,5.548982858508403,4.0061306021968175,4.678713341980248,7.634943470460146,Palestino(2) - Universidad de Chile(3)
3980955,Universidad de Chile,1917,7336,2025-04-27,Chile - Primera División,2025,9,Regular Season,Palestino,Universidad de Chile,1.420959326,16.0,-0.5390873296,5.143183808,3.0,4.168971407631677,4.144182129078118,6.370738005439543,7.620758927855332,Palestino(2) - Universidad de Chile(3)
3980956,Deportes Iquique,1864,7336,2025-04-27,Chile - Primera División,2025,9,Regular Season,O'Higgins,Deportes Iquique,0.6075726969999999,12.0,0.4181777210000001,2.893699011,2.0,4.256393110148605,3.6553408838570185,4.825809953092814,7.091561390946109,O'Higgins(2) - Deportes Iquique(2)
3980956,O'Higgins,1962,7336,2025-04-27,Chile - Primera División,2025,9,Regular Season,O'Higgins,Deportes Iquique,1.544490337,10.0,-0.1673709995,8.20491232,2.0,5.676015620848256,5.191725698871205,4.184271853894893,8.132563812132103,O'Higgins(2) - Deportes Iquique(2)
3980957,Colo Colo,1916,7336,2025-04-26,Chile - Primera División,2025,9,Regular Season,Colo Colo,Coquimbo Unido,0.511607116,9.0,0.2804393020000001,3.033927092,2.0,3.977261677359235,4.331806676947746,2.889292169293739,6.916157833361057,Colo Colo(2) - Coquimbo Unido(0)
3980957,Coquimbo Unido,1914,7336,2025-04-26,Chile - Primera División,2025,9,Regular Season,Colo Colo,Coquimbo Unido,0.396253943,7.0,-0.418872373,1.598770403,0.0,3.5109524350243904,0.6347180014862792,2.4253813078989674,4.9199843081641434,Colo Colo(2) - Coquimbo Unido(0)
3980958,Everton,1919,7336,2025-04-26,Chile - Primera División,2025,9,Regular Season,Universidad Católica,Everton,0.2608136467,9.0,-0.272052123,1.592581758,0.0,1.611576245321479,1.4988396444845207,2.17010245840784,4.675759163469522,Universidad Católica(6) - Everton(0)
3980958,Universidad Católica,1924,7336,2025-04-26,Chile - Primera División,2025,9,Regular Season,Universidad Católica,Everton,2.492315146,16.0,0.699895366,14.23662942,6.0,6.113908616465803,7.880457096067213,6.202836174308376,9.75,Universidad Católica(6) - Everton(0)
3980959,Cobresal,1926,7336,2025-04-26,Chile - Primera División,2025,9,Regular Season,Cobresal,Deportes Limache,1.523639822,14.0,1.296718443,6.210334118,3.0,3.9289649789242356,6.075394118676597,3.8329106148919987,7.925472600063304,Cobresal(3) - Deportes Limache(1)
3980959,Deportes Limache,30140,7336,2025-04-26,Chile - Primera División,2025,9,Regular Season,Cobresal,Deportes Limache,1.224658853,17.0,-0.374604438,3.582814214,1.0,5.070623842670697,2.8911886409158205,7.909292135520861,7.635874177176317,Cobresal(3) - Deportes Limache(1)
3980960,Audax Italiano,1918,7336,2025-04-25,Chile - Primera División,2025,9,Regular Season,Unión La Calera,Audax Italiano,0.7786868,10.0,-0.317239853,3.051694516,0.0,4.216933344454765,1.6004637533974182,3.2731781913498765,5.77886771645815,Unión La Calera(1) - Audax Italiano(0)
3980960,Unión La Calera,1954,7336,2025-04-25,Chile - Primera División,2025,9,Regular Season,Unión La Calera,Audax Italiano,0.451619527,8.0,-0.3443774590000001,1.796131022,1.0,2.992487529376893,2.8991927454440134,1.8689262571523675,5.711756048098261,Unión La Calera(1) - Audax Italiano(0)
3980961,Huachipato,1915,7336,2025-04-27,Chile - Primera División,2025,9,Regular Season,Huachipato,Unión Española,0.9196295999999999,9.0,0.03082260999999997,3.48899946,2.0,2.917675634168374,5.090050710431865,5.846782947598994,7.563349578383843,Huachipato(2) - Unión Española(1)
3980961,Unión Española,1921,7336,2025-04-27,Chile - Primera División,2025,9,Regular Season,Huachipato,Unión Española,1.480855407,21.0,0.02623861700000002,8.87643168,1.0,5.03758264136215,2.7841634645980395,5.5169587221714975,7.071094837802171,Huachipato(2) - Unión Española(1)
3980962,Deportivo Ñublense SADP,5102,7336,2025-04-25,Chile - Primera División,2025,9,Regular Season,Deportivo Ñublense SADP,La Serena,1.481731094,13.0,0.04387845500000002,6.75424411,2.0,3.9506539066827964,4.0349087205478265,4.377061123420923,7.080334022037417,Deportivo Ñublense SADP(2) - La Serena(0)
3980962,La Serena,1920,7336,2025-04-25,Chile - Primera División,2025,9,Regular Season,Deportivo Ñublense SADP,La Serena,0.7965011479999999,9.0,-0.115952796,4.017984118,0.0,2.558224438866282,1.9871478415143737,1.713906051836807,5.1099632323249615,Deportivo Ñublense SADP(2) - La Serena(0)
3980963,Colo Colo,1916,7336,2025-05-02,Chile - Primera División,2025,10,Regular Season,Deportes Limache,Colo Colo,0.824574283,15.0,-1.38153704,4.424629786,0.0,5.160914100037804,0.9111736002640918,3.763481608175569,5.853682812384522,Deportes Limache(1) - Colo Colo(0)
3980963,Deportes Limache,30140,7336,2025-05-02,Chile - Primera División,2025,10,Regular Season,Deportes Limache,Colo Colo,1.252178813,11.0,0.372536973,6.437028238,1.0,2.5410933235572815,3.84509119236853,6.685313358341872,7.031243900317261,Deportes Limache(1) - Colo Colo(0)
3980964,Universidad Católica,1924,7336,2025-05-03,Chile - Primera División,2025,10,Regular Season,Universidad de Chile,Universidad Católica,0.215107035,6.0,-0.296438688,0.789344237,0.0,0.5,0.5,1.0702914453604861,3.620061356917997,Universidad de Chile(1) - Universidad Católica(0)
3980964,Universidad de Chile,1917,7336,2025-05-03,Chile - Primera División,2025,10,Regular Season,Universidad de Chile,Universidad Católica,1.271901937,15.0,-1.05203029,6.721078895,1.0,4.41871212441111,2.3370311998633952,2.900068397918929,6.112938270363839,Universidad de Chile(1) - Universidad Católica(0)
3980965,Cobresal,1926,7336,2025-05-03,Chile - Primera División,2025,10,Regular Season,Unión Española,Cobresal,1.255477077,20.0,-0.7061242560000001,5.582423806,1.0,3.965731807034312,2.4625643100179717,6.254052861935672,6.735456898953174,Unión Española(0) - Cobresal(1)
3980965,Unión Española,1921,7336,2025-05-03,Chile - Primera División,2025,10,Regular Season,Unión Española,Cobresal,1.075107472,24.0,-0.966646635,4.98860835,0.0,5.370803827884728,0.9159318630375919,5.597425718951585,6.308311190023844,Unión Española(0) - Cobresal(1)
3980966,Audax Italiano,1918,7336,2025-05-04,Chile - Primera División,2025,10,Regular Season,Audax Italiano,La Serena,1.350574551,20.0,0.009292036000000031,5.677595956,2.0,4.390872042648704,2.8681447703882705,6.766444344120228,7.169700661361451,Audax Italiano(2) - La Serena(1)
3980966,La Serena,1920,7336,2025-05-04,Chile - Primera División,2025,10,Regular Season,Audax Italiano,La Serena,0.739219063,16.0,0.356790468,3.284427359,1.0,4.13035199127915,2.565722554009266,3.395804090593196,6.234570068217426,Audax Italiano(2) - La Serena(1)
3980967,Deportivo Ñublense SADP,5102,7336,2025-05-05,Chile - Primera División,2025,10,Regular Season,Deportivo Ñublense SADP,Unión La Calera,0.708184605,13.0,-0.5939584742,4.818102025,1.0,5.765800963821913,2.4059432300935955,4.286976801413663,6.862958003127815,Deportivo Ñublense SADP(1) - Unión La Calera(1)
3980967,Unión La Calera,1954,7336,2025-05-05,Chile - Primera División,2025,10,Regular Season,Deportivo Ñublense SADP,Unión La Calera,0.7457607150000001,10.0,0.5551048580000001,3.86926805,1.0,2.5900278046375123,3.615521469396235,2.9476811387621997,6.151083400391578,Deportivo Ñublense SADP(1) - Unión La Calera(1)
3980968,Everton,1919,7336,2025-05-03,Chile - Primera División,2025,10,Regular Season,Everton,Palestino,0.5215966414,12.0,-0.189664941,2.862089046,1.0,3.302631399930223,2.9303555435518978,3.1161807611095154,6.087037438736131,Everton(1) - Palestino(2)
3980968,Palestino,1925,7336,2025-05-03,Chile - Primera División,2025,10,Regular Season,Everton,Palestino,1.195211693,14.0,-0.07641293900000001,7.51102644,2.0,4.638962159734049,3.98444412308843,3.7429086283664583,7.140284451561368,Everton(1) - Palestino(2)
3980969,Coquimbo Unido,1914,7336,2025-05-03,Chile - Primera División,2025,10,Regular Season,Coquimbo Unido,O'Higgins,1.443048236,10.0,0.560463361,3.41695289,2.0,3.506197838119002,5.728229470339692,4.321238713311491,7.7303266902640635,Coquimbo Unido(2) - O'Higgins(0)
3980969,O'Higgins,1962,7336,2025-05-03,Chile - Primera División,2025,10,Regular Season,Coquimbo Unido,O'Higgins,0.3005037045,8.0,-0.398260022,1.4179585375,0.0,3.3157994395416654,0.9510417644261815,1.2700181823682348,4.764960276134661,Coquimbo Unido(2) - O'Higgins(0)
3980970,Deportes Iquique,1864,7336,2025-05-04,Chile - Primera División,2025,10,Regular Season,Deportes Iquique,Huachipato,1.437786004,11.0,-0.13671426,4.756589583999999,3.0,4.202787725144134,5.517600355250265,8.534125281689542,8.737454246046072,Deportes Iquique(3) - Huachipato(0)
3980970,Huachipato,1915,7336,2025-05-04,Chile - Primera División,2025,10,Regular Season,Deportes Iquique,Huachipato,0.8385401050000001,13.0,-0.6691209979999999,4.358657642,0.0,5.6466408004432775,1.4727963042706715,2.6576837142512244,6.040302442005295,Deportes Iquique(3) - Huachipato(0)
3980971,Huachipato,1915,7336,2025-05-18,Chile - Primera División,2025,11,Regular Season,Universidad de Chile,Huachipato,0.8930286915000001,16.0,0.176716642,3.85050783,1.0,3.093320163043944,2.830954113667947,3.484114910397082,6.051314086466501,Universidad de Chile(5) - Huachipato(1)
3980971,Universidad de Chile,1917,7336,2025-05-18,Chile - Primera División,2025,11,Regular Season,Universidad de Chile,Huachipato,2.250866742,15.0,0.302561418,14.66298387,5.0,4.5019134881787215,7.0581219801383694,5.588658918093855,8.941537601194373,Universidad de Chile(5) - Huachipato(1)
3980972,O'Higgins,1962,7336,2025-05-17,Chile - Primera División,2025,11,Regular Season,O'Higgins,Universidad Católica,0.2950141395,7.0,0.153546153,2.233463721,2.0,1.1898541837035967,4.373676304101495,2.3617432677333263,5.944693942635175,O'Higgins(2) - Universidad Católica(0)
3980972,Universidad Católica,1924,7336,2025-05-17,Chile - Primera División,2025,11,Regular Season,O'Higgins,Universidad Católica,0.922498458,10.0,-0.263888485,4.269526045,0.0,4.753777013387349,2.267251843854932,2.4059501450917993,6.081669960809773,O'Higgins(2) - Universidad Católica(0)
3980973,Deportes Iquique,1864,7336,2025-05-20,Chile - Primera División,2025,11,Regular Season,La Serena,Deportes Iquique,0.55443525,7.0,0.2947205159999999,2.60972348,1.0,1.7892384688541414,3.224397064591605,4.469770691977218,6.033373008545167,La Serena(2) - Deportes Iquique(1)
3980973,La Serena,1920,7336,2025-05-20,Chile - Primera División,2025,11,Regular Season,La Serena,Deportes Iquique,1.665403275,26.0,-0.360022568,9.06237637,2.0,4.485718111788576,2.497704539651793,4.257584180287763,6.495999276249929,La Serena(2) - Deportes Iquique(1)
3980974,Coquimbo Unido,1914,7336,2025-05-17,Chile - Primera División,2025,11,Regular Season,Unión La Calera,Coquimbo Unido,0.343929454,6.0,0.08789450500000001,1.621201645,1.0,3.0325010650230135,4.384606170565065,2.257410652135547,6.509794975461361,Unión La Calera(0) - Coquimbo Unido(1)
3980974,Unión La Calera,1954,7336,2025-05-17,Chile - Primera División,2025,11,Regular Season,Unión La Calera,Coquimbo Unido,0.3528151024,12.0,-0.315749926,1.915649753,0.0,4.159408090832427,0.9207245655200167,1.6567398879750361,5.098417325609203,Unión La Calera(0) - Coquimbo Unido(1)
3980975,Everton,1919,7336,2025-05-19,Chile - Primera División,2025,11,Regular Season,Unión Española,Everton,2.313854961,25.0,0.02158076099999998,12.39278603,3.0,6.176199124234794,3.2329803840884592,9.025049915526385,8.381800940226864,Unión Española(0) - Everton(3)
3980975,Unión Española,1921,7336,2025-05-19,Chile - Primera División,2025,11,Regular Season,Unión Española,Everton,0.818010156,7.0,-0.505868301,3.131620903,0.0,3.3551803487674583,2.2235729322256312,3.1093148474238026,5.767394624859508,Unión Española(0) - Everton(3)
3980976,Deportes Limache,30140,7336,2025-05-18,Chile - Primera División,2025,11,Regular Season,Deportes Limache,Palestino,0.9285339850000001,15.0,-0.968717109,4.56556838,0.0,5.100269929943696,1.114592128319601,8.004742304856324,6.823785155471783,Deportes Limache(0) - Palestino(1)
3980976,Palestino,1925,7336,2025-05-18,Chile - Primera División,2025,11,Regular Season,Deportes Limache,Palestino,1.153952047,11.0,-0.171873685,7.177375868,1.0,3.5495292269188203,2.827984186179024,2.9230561365349117,6.075855662277041,Deportes Limache(0) - Palestino(1)
3980977,Audax Italiano,1918,7336,2025-05-17,Chile - Primera División,2025,11,Regular Season,Cobresal,Audax Italiano,1.571706262,13.0,-0.204532802,8.36585703,1.0,3.2125642264592624,2.885296314501712,6.985218873818631,6.8517856676076585,Cobresal(0) - Audax Italiano(1)
3980977,Cobresal,1926,7336,2025-05-17,Chile - Primera División,2025,11,Regular Season,Cobresal,Audax Italiano,0.841201801,13.0,-0.611559574,4.917392914,0.0,4.000695794199705,1.5618314693230222,2.983352024616904,5.631266636188055,Cobresal(0) - Audax Italiano(1)
3980978,Colo Colo,1916,7336,2025-05-19,Chile - Primera División,2025,11,Regular Season,Colo Colo,Deportivo Ñublense SADP,2.325727162,22.0,-0.34853189,11.72632956,2.0,5.950629170101207,3.151539045537466,5.329860499794568,7.4940562331380365,Colo Colo(2) - Deportivo Ñublense SADP(2)
3980978,Deportivo Ñublense SADP,5102,7336,2025-05-19,Chile - Primera División,2025,11,Regular Season,Colo Colo,Deportivo Ñublense SADP,0.748491537,10.0,0.14510829,4.587141859,2.0,3.320917922062959,4.585486252873516,4.994402527228701,7.2722365219554845,Colo Colo(2) - Deportivo Ñublense SADP(2)
3980979,Deportes Limache,30140,7336,2025-05-23,Chile - Primera División,2025,12,Regular Season,Deportes Limache,Universidad de Chile,0.984124065,11.0,0.137344591,3.433087297,2.0,2.4457222621172034,3.6612947203027364,3.9366855334029873,6.335406746791568,Deportes Limache(2) - Universidad de Chile(0)
3980979,Universidad de Chile,1917,7336,2025-05-23,Chile - Primera División,2025,12,Regular Season,Deportes Limache,Universidad de Chile,1.469775451,23.0,-0.2494800334,10.77913215,0.0,7.246226926016574,2.1196523190126997,5.862163818204783,7.5264677736859396,Deportes Limache(2) - Universidad de Chile(0)
3980980,Cobresal,1926,7336,2025-05-24,Chile - Primera División,2025,12,Regular Season,Everton,Cobresal,0.62414532,11.0,-0.099407036,2.482246775,2.0,2.025975743913661,4.090632163293575,2.9744874077607473,6.203657556008796,Everton(1) - Cobresal(2)
3980980,Everton,1919,7336,2025-05-24,Chile - Primera División,2025,12,Regular Season,Everton,Cobresal,1.133771843,21.0,-0.9951799050000001,5.786355560000001,1.0,4.960909087660557,1.6027903026025114,5.613396693847114,6.507587053935494,Everton(1) - Cobresal(2)
3980981,La Serena,1920,7336,2025-05-25,Chile - Primera División,2025,12,Regular Season,Universidad Católica,La Serena,0.7226037790000001,9.0,0.35099235,3.639214049,3.0,1.5952502727736748,7.195763182377219,2.6485692454488343,7.469876171570124,Universidad Católica(1) - La Serena(3)
3980981,Universidad Católica,1924,7336,2025-05-25,Chile - Primera División,2025,12,Regular Season,Universidad Católica,La Serena,0.764240795,14.0,-0.4303996294,5.157216464,1.0,4.472623507892281,2.6052546397253318,3.0697446140068014,6.292737434784678,Universidad Católica(1) - La Serena(3)
3980982,Deportes Iquique,1864,7336,2025-05-26,Chile - Primera División,2025,12,Regular Season,Deportes Iquique,Unión La Calera,1.860182831,16.0,-0.8753266719999999,8.65721493,0.0,5.142370414459739,1.6213012919096244,6.736895403917302,6.810185038400751,Deportes Iquique(0) - Unión La Calera(1)
3980982,Unión La Calera,1954,7336,2025-05-26,Chile - Primera División,2025,12,Regular Season,Deportes Iquique,Unión La Calera,1.173131129,11.0,0.5037135989999999,6.346469968,1.0,4.924589327799255,4.330724462825443,3.7199223759576494,7.389670822950269,Deportes Iquique(0) - Unión La Calera(1)
3980983,Colo Colo,1916,7336,2025-05-24,Chile - Primera División,2025,12,Regular Season,Colo Colo,Unión Española,1.116144035,20.0,-0.247772577,8.553563392000001,4.0,6.669183272084485,4.088009927786583,5.810550071365851,8.265757329897346,Colo Colo(4) - Unión Española(0)
3980983,Unión Española,1921,7336,2025-05-24,Chile - Primera División,2025,12,Regular Season,Colo Colo,Unión Española,0.847623921,13.0,0.75052824,5.41046867,0.0,3.201146677185532,2.6235143199429705,4.626740851835755,6.227656439470682,Colo Colo(4) - Unión Española(0)
3980984,Coquimbo Unido,1914,7336,2025-05-25,Chile - Primera División,2025,12,Regular Season,Coquimbo Unido,Palestino,0.841887607,12.0,-0.181805655,4.279759821,0.0,3.3431786270522723,2.249413973480219,5.713539071716299,6.32410283213162,Coquimbo Unido(0) - Palestino(0)
3980984,Palestino,1925,7336,2025-05-25,Chile - Primera División,2025,12,Regular Season,Coquimbo Unido,Palestino,0.639344139,9.0,0.179988383,3.681807974,0.0,3.411198144064956,2.0831447528762306,1.725966949222189,5.427334707219188,Coquimbo Unido(0) - Palestino(0)
3980985,Deportivo Ñublense SADP,5102,7336,2025-05-25,Chile - Primera División,2025,12,Regular Season,Deportivo Ñublense SADP,O'Higgins,0.935371272,13.0,-0.408219757,4.095589518,0.0,5.242893772335071,1.6095010711873654,4.394883200036596,6.343284477623321,Deportivo Ñublense SADP(0) - O'Higgins(1)
3980985,O'Higgins,1962,7336,2025-05-25,Chile - Primera División,2025,12,Regular Season,Deportivo Ñublense SADP,O'Higgins,0.499638002,9.0,-0.408478471,2.020460113,1.0,2.1203802497319435,3.411626241245843,2.785638078652607,5.872077367590245,Deportivo Ñublense SADP(0) - O'Higgins(1)
3980986,Audax Italiano,1918,7336,2025-05-26,Chile - Primera División,2025,12,Regular Season,Audax Italiano,Huachipato,2.036802125,20.0,-1.08905983,10.466488229,4.0,3.295426684229854,4.584732741338259,6.296919032769756,7.538043732026447,Audax Italiano(4) - Huachipato(3)
3980986,Huachipato,1915,7336,2025-05-26,Chile - Primera División,2025,12,Regular Season,Audax Italiano,Huachipato,2.495125943,12.0,0.8253771710000001,16.69658273,3.0,3.8854325329824553,6.946379654546951,5.386668684146245,8.651404569758014,Audax Italiano(4) - Huachipato(3)
3980987,Colo Colo,1916,7336,2025-06-01,Chile - Primera División,2025,13,Regular Season,Unión La Calera,Colo Colo,0.06672289,2.0,0.031054415,0.99856875,1.0,1.8296000151550569,6.779385653841608,0.5,6.894319525026569,Unión La Calera(0) - Colo Colo(1)
3980987,Unión La Calera,1954,7336,2025-06-01,Chile - Primera División,2025,13,Regular Season,Unión La Calera,Colo Colo,0.9945826214,19.0,-0.816738237,6.78831425,0.0,4.31233405327408,0.8720752538088141,6.0814452244869175,6.055182236940604,Unión La Calera(0) - Colo Colo(1)
3980988,Palestino,1925,7336,2025-06-01,Chile - Primera División,2025,13,Regular Season,Palestino,Universidad Católica,0.591719032,8.0,0.173571097,2.475238697,1.0,1.8786310223022422,4.193453179184472,1.9349764613286906,5.986987925883604,Palestino(1) - Universidad Católica(1)
3980988,Universidad Católica,1924,7336,2025-06-01,Chile - Primera División,2025,13,Regular Season,Palestino,Universidad Católica,1.984876385,12.0,0.628111127,6.882508612300001,1.0,5.361413174126726,4.621134844761381,4.4707411916389646,7.823245127061508,Palestino(1) - Universidad Católica(1)
3980989,Cobresal,1926,7336,2025-06-02,Chile - Primera División,2025,13,Regular Season,Cobresal,Deportes Iquique,0.7328232619999999,20.0,0.2991901865,3.478698185,2.0,4.47504906565158,2.8787706820210377,4.620631918622149,6.749566221399338,Cobresal(2) - Deportes Iquique(1)
3980989,Deportes Iquique,1864,7336,2025-06-02,Chile - Primera División,2025,13,Regular Season,Cobresal,Deportes Iquique,1.237893947,15.0,0.9189895195,5.359420124,1.0,4.353360357863591,3.6005568913395107,6.240650540899805,7.394093491201914,Cobresal(2) - Deportes Iquique(1)
3980990,Coquimbo Unido,1914,7336,2025-05-31,Chile - Primera División,2025,13,Regular Season,La Serena,Coquimbo Unido,0.894288406,11.0,-0.05115464099999999,5.065977826,4.0,2.7409770401996365,6.524235547517041,5.689603435636104,8.153810311126083,La Serena(2) - Coquimbo Unido(4)
3980990,La Serena,1920,7336,2025-05-31,Chile - Primera División,2025,13,Regular Season,La Serena,Coquimbo Unido,0.748480375,10.0,-0.397166763,5.290204376,2.0,2.8495495091286402,3.8145396009370764,2.704714586275324,6.276158516226675,La Serena(2) - Coquimbo Unido(4)
3980991,Deportes Limache,30140,7336,2025-06-03,Chile - Primera División,2025,13,Regular Season,Unión Española,Deportes Limache,1.070465438,11.0,-0.110858578,5.43854746,2.0,3.7203040062939783,4.050202354732259,6.171049118343597,7.392517984406768,Unión Española(2) - Deportes Limache(2)
3980991,Unión Española,1921,7336,2025-06-03,Chile - Primera División,2025,13,Regular Season,Unión Española,Deportes Limache,2.352900098,20.0,0.493889555,14.63599811,2.0,6.543830874016399,3.228363490008638,6.135319472848422,7.887343923451044,Unión Española(2) - Deportes Limache(2)
3980992,Audax Italiano,1918,7336,2025-06-01,Chile - Primera División,2025,13,Regular Season,Everton,Audax Italiano,1.177634156,9.0,0.270434775,4.310306538,1.0,2.299772600303694,4.634336014580793,3.8081649907438484,6.723174720843405,Everton(1) - Audax Italiano(1)
3980992,Everton,1919,7336,2025-06-01,Chile - Primera División,2025,13,Regular Season,Everton,Audax Italiano,0.815078965,18.0,-0.236493552,5.239961761,1.0,5.8591852362699015,1.933519336198755,4.424328847931519,6.697584254480752,Everton(1) - Audax Italiano(1)
3980993,O'Higgins,1962,7336,2025-05-31,Chile - Primera División,2025,13,Regular Season,Universidad de Chile,O'Higgins,0.865138736,10.0,-0.508992609,3.4063891097,0.0,3.5675089491806293,2.0365043189124306,4.371072138468991,6.011467427324822,Universidad de Chile(6) - O'Higgins(0)
3980993,Universidad de Chile,1917,7336,2025-05-31,Chile - Primera División,2025,13,Regular Season,Universidad de Chile,O'Higgins,2.733022329,17.0,1.526854537,13.41719368,6.0,5.790730920462694,7.483204925726028,5.517092019520348,9.534820943810097,Universidad de Chile(6) - O'Higgins(0)
3980994,Deportivo Ñublense SADP,5102,7336,2025-05-31,Chile - Primera División,2025,13,Regular Season,Huachipato,Deportivo Ñublense SADP,1.12600979,16.0,-0.259830321,5.71332765,1.0,6.330084362192242,2.3155470309060977,7.599862749328793,7.6957831815065,Huachipato(0) - Deportivo Ñublense SADP(1)
3980994,Huachipato,1915,7336,2025-05-31,Chile - Primera División,2025,13,Regular Season,Huachipato,Deportivo Ñublense SADP,0.671433105,9.0,-0.356391117,4.16741771,0.0,3.6886323568278643,1.557722186543371,4.095914643600924,5.764997494434802,Huachipato(0) - Deportivo Ñublense SADP(1)
3980995,Coquimbo Unido,1914,7336,2025-06-15,Chile - Primera División,2025,14,Regular Season,Coquimbo Unido,Universidad de Chile,0.164416247,3.0,-0.0607941366,0.631655627,1.0,2.4070217575179678,6.73137645680556,1.7060916822050558,7.3078360729041085,Coquimbo Unido(1) - Universidad de Chile(0)
3980995,Universidad de Chile,1917,7336,2025-06-15,Chile - Primera División,2025,14,Regular Season,Coquimbo Unido,Universidad de Chile,0.925424108,11.0,-0.6506001939999999,5.729403333,0.0,2.9517668022946273,1.8037757801706047,2.0102979092101765,5.209777603797049,Coquimbo Unido(1) - Universidad de Chile(0)
3980996,Cobresal,1926,7336,2025-06-17,Chile - Primera División,2025,14,Regular Season,Colo Colo,Cobresal,0.290529373,10.0,-0.1204736627,1.3140368565,0.0,1.4931404106496764,1.8072808134268656,3.0215578676525356,4.963715855544736,Colo Colo(4) - Cobresal(0)
3980996,Colo Colo,1916,7336,2025-06-17,Chile - Primera División,2025,14,Regular Season,Colo Colo,Cobresal,1.673633595,20.0,0.753170842,9.25562103,4.0,6.786065605765794,4.404258806945991,5.074248478829562,8.297458779601417,Colo Colo(4) - Cobresal(0)
3980997,La Serena,1920,7336,2025-06-14,Chile - Primera División,2025,14,Regular Season,Palestino,La Serena,0.9654230500000001,12.0,-0.155262633,4.99681781,1.0,3.677714451568458,2.4600512212578907,5.379131904201386,6.459119753554596,Palestino(2) - La Serena(1)
3980997,Palestino,1925,7336,2025-06-14,Chile - Primera División,2025,14,Regular Season,Palestino,La Serena,1.758962986,14.0,-0.536371012,9.779676396,2.0,4.978454883019724,4.234118734667047,5.24817601446329,7.68265799831447,Palestino(2) - La Serena(1)
3980998,Deportes Limache,30140,7336,2025-06-14,Chile - Primera División,2025,14,Regular Season,Deportes Limache,Unión La Calera,1.244527629,15.0,-0.5350878665,8.82128514,0.0,3.7982405793991036,1.7329086521654191,4.506350921213974,5.969001317407331,Deportes Limache(0) - Unión La Calera(1)
3980998,Unión La Calera,1954,7336,2025-06-14,Chile - Primera División,2025,14,Regular Season,Deportes Limache,Unión La Calera,0.6382338399999999,11.0,0.295044301,2.71479882,1.0,2.3784912328659678,2.393423251015408,3.4365322444910102,5.608309770226238,Deportes Limache(0) - Unión La Calera(1)
3980999,Deportes Iquique,1864,7336,2025-06-17,Chile - Primera División,2025,14,Regular Season,Deportes Iquique,Everton,1.546055522,15.0,-0.353544641,11.114153344,1.0,4.67613259088233,2.6673100377796892,5.0910059612058784,6.811926827901825,Deportes Iquique(1) - Everton(2)
3980999,Everton,1919,7336,2025-06-17,Chile - Primera División,2025,14,Regular Season,Deportes Iquique,Everton,0.50623796,10.0,0.203560388,2.827199078,2.0,2.6251934029552952,4.509265911738341,2.1661963814381915,6.42101784995419,Deportes Iquique(1) - Everton(2)
3981000,Audax Italiano,1918,7336,2025-06-16,Chile - Primera División,2025,14,Regular Season,Deportivo Ñublense SADP,Audax Italiano,0.36171189,6.0,0.318022153,1.965499892,3.0,1.3874203105517706,7.778385442668304,4.424751425470487,8.054157713116174,Deportivo Ñublense SADP(2) - Audax Italiano(3)
3981000,Deportivo Ñublense SADP,5102,7336,2025-06-16,Chile - Primera División,2025,14,Regular Season,Deportivo Ñublense SADP,Audax Italiano,0.864397596,19.0,-0.670216933,6.364117673,2.0,6.943947898063776,2.240971844251364,5.764481518349844,7.467913687370753,Deportivo Ñublense SADP(2) - Audax Italiano(3)
3981001,O'Higgins,1962,7336,2025-06-15,Chile - Primera División,2025,14,Regular Season,O'Higgins,Unión Española,1.118066454,17.0,-1.370563209,5.89082845,1.0,4.277172474366982,2.0771317799679094,6.157270887545181,6.630858127162831,O'Higgins(1) - Unión Española(0)
3981001,Unión Española,1921,7336,2025-06-15,Chile - Primera División,2025,14,Regular Season,O'Higgins,Unión Española,0.456611796,7.0,-0.465295946,1.739683626,0.0,2.1394096887954763,1.182145194086435,2.1794965373754644,4.694407948897507,O'Higgins(1) - Unión Española(0)
3981002,Huachipato,1915,7336,2025-06-14,Chile - Primera División,2025,14,Regular Season,Universidad Católica,Huachipato,0.283193644,8.0,-0.150809264,0.992255055,0.0,1.4700717115903972,1.7937512145264427,1.969898392894252,4.728620251150388,Universidad Católica(1) - Huachipato(0)
3981002,Universidad Católica,1924,7336,2025-06-14,Chile - Primera División,2025,14,Regular Season,Universidad Católica,Huachipato,1.389325564,18.0,-0.8905691410000001,7.474740838,1.0,4.918522335193513,1.7435563706676767,4.703093608367476,6.3692376726652675,Universidad Católica(1) - Huachipato(0)
3981003,Audax Italiano,1918,7336,2025-06-22,Chile - Primera División,2025,15,Regular Season,Audax Italiano,Colo Colo,1.162777936,12.0,0.663762213,5.812169676000001,2.0,2.604277522162545,4.15819220167684,6.315773229037789,7.12170988759042,Audax Italiano(2) - Colo Colo(1)
3981003,Colo Colo,1916,7336,2025-06-22,Chile - Primera División,2025,15,Regular Season,Audax Italiano,Colo Colo,2.049331101,24.0,0.006796369999999996,13.76452923,1.0,7.712031838576998,3.001716003800862,6.00731021158342,8.121940837473865,Audax Italiano(2) - Colo Colo(1)
3981004,Universidad Católica,1924,7336,2025-06-20,Chile - Primera División,2025,15,Regular Season,Unión La Calera,Universidad Católica,0.980602192,13.0,0.08657421800000001,5.510410996,1.0,4.797265036508978,3.0807299516273043,3.912243358927171,6.797849116810962,Unión La Calera(0) - Universidad Católica(1)
3981004,Unión La Calera,1954,7336,2025-06-20,Chile - Primera División,2025,15,Regular Season,Unión La Calera,Universidad Católica,0.414470362,7.0,-0.030272062,1.338792768,0.0,0.8300141847243072,2.38652736491336,2.003376115641746,4.814333466059635,Unión La Calera(0) - Universidad Católica(1)
3981005,Deportes Iquique,1864,7336,2025-06-21,Chile - Primera División,2025,15,Regular Season,Universidad de Chile,Deportes Iquique,0.2368849225,6.0,-0.209914796,1.542881516,1.0,0.8162816217404982,4.108789331117359,1.489689641093186,5.5176606460458935,Universidad de Chile(3) - Deportes Iquique(1)
3981005,Universidad de Chile,1917,7336,2025-06-21,Chile - Primera División,2025,15,Regular Season,Universidad de Chile,Deportes Iquique,2.776463964,22.0,-0.893158512,14.62311771,3.0,6.311079928226967,3.9405606451015665,6.761598350619277,8.283048356723842,Universidad de Chile(3) - Deportes Iquique(1)
3981006,Coquimbo Unido,1914,7336,2025-06-21,Chile - Primera División,2025,15,Regular Season,Unión Española,Coquimbo Unido,2.110443941,19.0,0.265378492,10.29615983,2.0,6.311777620121182,3.9439955720404893,8.24417558768568,8.597017274728117,Unión Española(0) - Coquimbo Unido(2)
3981006,Unión Española,1921,7336,2025-06-21,Chile - Primera División,2025,15,Regular Season,Unión Española,Coquimbo Unido,0.320520047,6.0,-0.26484497,2.14094722,0.0,3.321235394083386,1.1925917954129273,1.5347289960718729,4.936823921447587,Unión Española(0) - Coquimbo Unido(2)
3981007,Deportes Limache,30140,7336,2025-06-22,Chile - Primera División,2025,15,Regular Season,La Serena,Deportes Limache,1.34324756,17.0,0.26509803,5.38890885,1.0,3.1505355485645445,2.5470373285741106,7.951670791334671,6.8754332849417334,La Serena(1) - Deportes Limache(1)
3981007,La Serena,1920,7336,2025-06-22,Chile - Primera División,2025,15,Regular Season,La Serena,Deportes Limache,0.829080379,18.0,0.327479295,3.603593106,1.0,4.669342302812361,2.2250945141713445,2.9659260445309594,6.152926769607374,La Serena(1) - Deportes Limache(1)
3981008,Huachipato,1915,7336,2025-06-21,Chile - Primera División,2025,15,Regular Season,Huachipato,Palestino,1.544940599,20.0,-0.6800257789999999,8.70296115,2.0,5.902205540383527,3.0328042098246355,6.019642755506694,7.567739060671035,Huachipato(2) - Palestino(2)
3981008,Palestino,1925,7336,2025-06-21,Chile - Primera División,2025,15,Regular Season,Huachipato,Palestino,1.255336557,11.0,0.3244318037,6.2785339,2.0,4.219704147497188,4.726330783902889,3.405636612364411,7.2883025468193035,Huachipato(2) - Palestino(2)
3981009,Everton,1919,7336,2025-06-23,Chile - Primera División,2025,15,Regular Season,Everton,O'Higgins,0.4788540357,10.0,-0.393135256,2.40348312,0.0,3.8227032334010724,1.2577425477084696,3.8041094517120673,5.6038073756121545,Everton(0) - O'Higgins(1)
3981009,O'Higgins,1962,7336,2025-06-23,Chile - Primera División,2025,15,Regular Season,Everton,O'Higgins,1.223825579,16.0,-1.048593834,4.47605692,1.0,3.862793393552983,2.3567918922934386,2.8870638705637677,5.94400751969547,Everton(0) - O'Higgins(1)
3981010,Cobresal,1926,7336,2025-06-22,Chile - Primera División,2025,15,Regular Season,Cobresal,Deportivo Ñublense SADP,0.64342398,13.0,0.08327739600000002,2.562506241,1.0,3.145738801912879,2.8440326430308343,6.541155284785067,6.717649880941845,Cobresal(1) - Deportivo Ñublense SADP(1)
3981010,Deportivo Ñublense SADP,5102,7336,2025-06-22,Chile - Primera División,2025,15,Regular Season,Cobresal,Deportivo Ñublense SADP,0.81902453,14.0,-0.546362414,4.13909684,1.0,4.717706467145053,2.230606044570722,3.6584974889053097,6.316614903138319,Cobresal(1) - Deportivo Ñublense SADP(1)
3981046,Audax Italiano,1918,7336,2025-03-14,Chile - Primera División,2025,5,Regular Season,Audax Italiano,Universidad de Chile,1.315078029,13.0,-0.3142836034000001,4.728727278,1.0,3.2830242923577906,2.9573838986933825,6.1521309058134985,6.732796024507431,Audax Italiano(1) - Universidad de Chile(1)
3981046,Universidad de Chile,1917,7336,2025-03-14,Chile - Primera División,2025,5,Regular Season,Audax Italiano,Universidad de Chile,1.404015889,18.0,-0.3476952963,7.09804608,1.0,6.110940080202928,2.030772801652508,3.9806239759654085,6.729741663155356,Audax Italiano(1) - Universidad de Chile(1)
AVG,Audax Italiano,1918,7336,2005,Chile - Primera División,2005,15,Regular Season,AVG,AVG,1.2776538739066665,13.066666666666666,-0.00218760634,5.753416690133333,1.8666666666666667,3.3048977744380097,3.7743767696644395,5.31392633052371,6.9502359418790975,AVG
AVG,Cobresal,1926,7336,2005,Chile - Primera División,2005,15,Regular Season,AVG,AVG,0.8261299177533333,13.666666666666666,-0.09665606790666666,4.115258094746666,1.2,3.2726020781401948,2.8535247186946284,4.119033883257027,6.252287919480049,AVG
AVG,Colo Colo,1916,7336,2005,Chile - Primera División,2005,15,Regular Season,AVG,AVG,1.3344359605846152,16.46153846153846,-0.20363270477692305,7.532306873538461,1.7692307692307692,5.371962223228452,3.422470627038626,4.601841432554297,7.28638814278608,AVG
AVG,Coquimbo Unido,1914,7336,2005,Chile - Primera División,2005,15,Regular Season,AVG,AVG,1.1988736606666668,12.333333333333334,0.1261288264466667,5.690137652333333,1.2666666666666666,3.840572428758516,3.8066417143360725,5.1173803371842626,7.093301650016463,AVG
AVG,Deportes Iquique,1864,7336,2005,Chile - Primera División,2005,15,Regular Season,AVG,AVG,1.0427512005333333,11.666666666666666,-0.21127692349333332,5.1729994675999995,0.9333333333333333,3.770830400672233,3.0259726635349904,4.9489477484819195,6.666027756304,AVG
AVG,Deportes Limache,30140,7336,2005,Chile - Primera División,2005,15,Regular Season,AVG,AVG,1.2413740805333333,13.266666666666667,-0.11975341190000001,5.838236739966667,1.0666666666666667,3.6712049804442946,3.180792398174404,5.256650105250028,6.7726822045913435,AVG
AVG,Deportivo Ñublense SADP,5102,7336,2005,Chile - Primera División,2005,15,Regular Season,AVG,AVG,0.9756974029666666,13.066666666666666,-0.2976634996466666,5.114147955933333,0.9333333333333333,4.673056136033794,2.642382449303109,4.917391427624949,6.762597082654239,AVG
AVG,Everton,1919,7336,2005,Chile - Primera División,2005,15,Regular Season,AVG,AVG,0.9373162826599999,13.8,-0.21215793999333332,5.1906579913333335,0.9333333333333333,3.4352319634188464,2.489021616486512,3.9418341655440474,6.093680157424625,AVG
AVG,Huachipato,1915,7336,2005,Chile - Primera División,2005,15,Regular Season,AVG,AVG,0.9505730959133333,10.533333333333333,0.09007554407333336,5.034056043466666,1.3333333333333333,3.7342274833145277,3.743240444618039,3.731177458304719,6.702310881878977,AVG
AVG,La Serena,1920,7336,2005,Chile - Primera División,2005,15,Regular Season,AVG,AVG,0.8052071891133333,13.0,-0.08825780401333332,4.013312859293333,1.2666666666666666,3.0823353227029595,3.1098731784115414,3.1713956769823155,6.114129118413205,AVG
AVG,O'Higgins,1962,7336,2005,Chile - Primera División,2005,15,Regular Season,AVG,AVG,1.0689884377866667,15.0,-0.5968769967933334,4.889421060146668,1.0,4.235534471303136,2.545496748497261,4.722925716364505,6.537598969986957,AVG
AVG,Palestino,1925,7336,2005,Chile - Primera División,2005,15,Regular Season,AVG,AVG,1.1898089911999998,12.8,0.13111045498,6.7984130920000005,1.4666666666666666,4.39883597949668,3.563659312333882,3.8481052384212395,6.8872826653510515,AVG
AVG,Universidad Católica,1924,7336,2005,Chile - Primera División,2005,15,Regular Season,AVG,AVG,0.9934737222857143,12.571428571428571,-0.06694561066428571,5.253699447521428,1.4285714285714286,3.759066785648399,3.3561801845565253,3.350457134922415,6.466530084750412,AVG
AVG,Universidad de Chile,1917,7336,2005,Chile - Primera División,2005,15,Regular Season,AVG,AVG,1.7176101763846154,18.153846153846153,-0.32221813418461537,9.639791025538461,2.230769230769231,5.26824204231789,3.4999831782231894,5.005759165762518,7.362554295523133,AVG
AVG,Unión Española,1921,7336,2005,Chile - Primera División,2005,15,Regular Season,AVG,AVG,0.9943041382142858,12.928571428571429,0.01941216072857141,5.366149685571428,0.7857142857142857,3.919835874833416,2.897699772785475,3.975635637791744,6.447413460801934,AVG
AVG,Unión La Calera,1954,7336,2005,Chile - Primera División,2005,15,Regular Season,AVG,AVG,0.8176702693666668,11.4,-0.050293863700000004,4.194700882666667,0.9333333333333333,3.4720554315387724,2.9450881773916513,3.3388535331336704,6.194396858857483,AVG
AVG,ALL_TEAMS_AVG,1,7336,2005,Chile - Primera División,2005,15,Regular Season,AVG,AVG,1.0857417749918268,13.357211538461538,,,1.275892857142857,3.9506557110181326,3.1785252471281464,4.335082187006461,6.661838574418691,AVG
